"addressId","street","city","country"
"1","60406 Kautzer Burgs","Erniestad","Serbia"
"2","84871 Botsford Prairie","Rubieboro","Kazakhstan"
"3","70209 Ellie Dam","North Emilworth","Jersey"
"4","208 Bridgette Falls","South Vickie","Palestine"
"5","6829 Micaela Lights","New Jeremie","Angola"
"6","2297 Mertz Underpass","Fort Bertramchester","Latvia"
"7","57066 Isadore Ville","Wilbertburgh","Malta"
"8","9757 Blanda Skyway","North Karinaborough","Liechtenstein"
"9","96339 Connor Fields","Brandostad","Cocos (Keeling) Islands"
"10","7541 Leuschke Circle","South Keltonworth","Lebanon"
"11","36947 Kling Meadows","East King","Syrian Arab Republic"
"12","4742 Claud Pines","McKenzieborough","Panama"
"13","3266 Lois Cove","Mayertview","Bahrain"
"14","83135 Ledner Avenue","South Alba","Nigeria"
"15","729 Jast Junction","Palm Springs","Tuvalu"
"16","370 Marion Ford","Andreannestad","New Caledonia"
"17","13147 Jenkins Field","Lake Xanderbury","United Arab Emirates"
"18","68387 Jenkins Garden","Califield","Sao Tome and Principe"
"19","270 Anastasia Flat","Schroederfurt","Uzbekistan"
"20","3175 Tatyana River","Carson","Mauritania"
"21","144 Gulgowski Extensions","Maricopa","Tuvalu"
"22","1023 Lottie Ports","New Armandoboro","Malawi"
"23","3587 Tillman Garden","Maeganbury","Solomon Islands"
"24","1609 Ortiz Isle","Koeppfield","United Kingdom"
"25","1387 Millie Islands","East Delphine","Puerto Rico"
"26","4459 Asia Motorway","Fort Anastaciofort","Wallis and Futuna"
"27","58686 Annie Highway","West Candidochester","Cuba"
"28","679 Ernser Run","Arnoldborough","United States of America"
"29","9375 Luettgen Row","Huldastad","Holy See (Vatican City State)"
"30","6594 Alejandra Walk","South Tinahaven","Ireland"
"31","633 Chris Estate","Davie","Liberia"
"32","436 Hane Corners","West Candice","Democratic Republic of the Congo"
"33","26019 Runolfsdottir Brook","Fort Hester","Svalbard & Jan Mayen Islands"
"34","87373 Gilda Greens","Bartolettiburgh","Aland Islands"
"35","930 Collier Landing","Rowlett","Chile"
"36","705 Rempel Track","Memphis","Gambia"
"37","8257 Stroman Expressway","Felipaberg","Turkey"
"38","40812 Zulauf Gateway","Little Rock","Barbados"
"39","5981 Alisa Junctions","Port Nathanael","Uzbekistan"
"40","9775 Jacquelyn Views","South Cindy","Montenegro"
"41","227 Schultz Freeway","East Myriamfort","Ireland"
"42","9774 Iliana Throughway","Dickinsonville","Chile"
"43","8827 Crist Hills","Lake Jerome","Maldives"
"44","8184 Hirthe Viaduct","Olympia","Eswatini"
"45","304 Sawayn Springs","Keeblerview","Turkey"
"46","50547 Crystel Inlet","South Golda","Palau"
"47","86117 Mary Causeway","South Ivah","Aland Islands"
"48","4371 Green Forges","Sterling Heights","Taiwan"
"49","93327 Rodriguez Unions","South Greggberg","Niger"
"50","171 Ashton Camp","Shanastad","Trinidad and Tobago"
"51","54420 Feeney Run","Kundeberg","Antarctica"
"52","82419 West Forest","Dickinsonview","Taiwan"
"53","8239 Metz Parks","Huelshire","Georgia"
"54","4260 Tromp Court","Antoniofurt","Eswatini"
"55","6848 Zieme Locks","East Hoyt","Latvia"
"56","83399 Nienow Shoal","Mount Vernon","Saint Martin"
"57","78006 Pfeffer Cliffs","Volkmanbury","New Caledonia"
"58","634 O'Keefe Summit","Boston","Sri Lanka"
"59","396 Von Cove","Terryfurt","Norfolk Island"
"60","812 Willow Fort","Fort Tyreekberg","Bonaire, Sint Eustatius and Saba"
"61","9298 Keanu Spring","Deontaeside","Netherlands"
"62","685 Amy Isle","Santa Maria","Solomon Islands"
"63","87891 Kulas Isle","North Ladariushaven","Turkey"
"64","716 Hoppe Garden","Port Jovanyport","Grenada"
"65","31984 Osinski Estates","Rosenbaumstead","Guernsey"
"66","10643 Makenna Branch","Darrenville","United Arab Emirates"
"67","866 Mills Shore","Bakersfield","Kuwait"
"68","29907 Konopelski Rapid","East Cristopherboro","Burundi"
"69","899 Gaetano Extension","Hintzshire","Cayman Islands"
"70","226 Cronin Falls","East Heloise","Montserrat"
"71","66755 Kristy Port","Appleton","Sao Tome and Principe"
"72","21216 Lorine Pines","Bell Gardens","Uganda"
"73","3496 Blanda Shores","Victoria","Austria"
"74","9996 Jeff Forge","El Dorado Hills","Costa Rica"
"75","1202 Keebler Mews","Rohnert Park","Saint Pierre and Miquelon"
"76","299 Wisoky Falls","Los Angeles","Micronesia"
"77","794 Leif Mall","Altamonte Springs","Indonesia"
"78","556 Collins Trail","Hickleview","Nepal"
"79","6195 Jerrold Landing","East Harmon","Botswana"
"80","83336 Florence Roads","Lake Randal","Singapore"
"81","510 Annabel Road","Urbanburgh","Saint Martin"
"82","21456 Thompson Well","South Jordan","Cayman Islands"
"83","561 Braun Centers","Heathcotemouth","Solomon Islands"
"84","604 Audrey Court","West Zitatown","Holy See (Vatican City State)"
"85","693 Jan Extension","Hagenesworth","Saint Pierre and Miquelon"
"86","10681 King Crossing","South Lee","Haiti"
"87","96404 Keeling Pike","East Giovanna","Greenland"
"88","4175 Kunde Via","Fort Aglae","Antarctica"
"89","896 Koch Drives","Lakewood","Russian Federation"
"90","42835 Swaniawski Spurs","Wellington","Thailand"
"91","151 Lawson Forks","Ulicesworth","Switzerland"
"92","95852 Esther View","Port Derickport","Ecuador"
"93","727 Savion Mountain","West Etha","Ireland"
"94","941 Altenwerth Burgs","East Clarissa","Sweden"
"95","248 Murphy Field","Lake Emeliacester","Tanzania"
"96","41554 Karlie Groves","West Demetris","Italy"
"97","580 Julian Points","Port Skylar","Morocco"
"98","36566 Filiberto Hills","Moenburgh","Barbados"
"99","5308 German Track","West Lisandroview","Zambia"
"100","11737 Ullrich Union","Florence-Graham","Monaco"