"customerId","personId","email","phone","addressId"
"100","100","Malcolm.Yundt@hotmail.com","+(123)(783)(6848)","1"
"101","101","Edna.McGlynn@yahoo.com","+(123)(598)(8721)","2"
"102","102","Rose_Nader10@hotmail.com","+(123)(021)(3859)","3"
"103","103","Viola_McClure@gmail.com","+(123)(206)(9690)","4"
"104","104","Leona57@yahoo.com","+(123)(679)(9772)","5"
"105","105","Victoria_Bayer20@yahoo.com","+(123)(302)(2733)","6"
"106","106","Elena56@hotmail.com","+(123)(490)(5570)","7"
"107","107","Kent54@gmail.com","+(123)(676)(2904)","8"
"108","108","Drew_Schinner27@gmail.com","+(123)(336)(0530)","9"
"109","109","Jessie_Zulauf56@yahoo.com","+(123)(714)(3329)","10"
"110","110","Valerie_Hartmann11@hotmail.com","+(123)(105)(5514)","11"
"111","111","Saul_Gislason22@gmail.com","+(123)(162)(0817)","12"
"112","112","Carole51@yahoo.com","+(123)(269)(2925)","13"
"113","113","Caroline_Carroll@hotmail.com","+(123)(115)(4414)","14"
"114","114","Ignacio.Green@hotmail.com","+(123)(498)(5750)","15"
"115","115","Carmen.Feil78@hotmail.com","+(123)(864)(0979)","16"
"116","116","Jeffrey.Klocko@hotmail.com","+(123)(329)(8997)","17"
"117","117","Heather.Douglas18@hotmail.com","+(123)(754)(5818)","18"
"118","118","Janice.Bogan@gmail.com","+(123)(212)(8443)","19"
"119","119","Melanie.Huels@yahoo.com","+(123)(643)(4778)","20"
"120","120","Tony_Schaden@gmail.com","+(123)(918)(6007)","21"
"121","121","Rex_Bode54@hotmail.com","+(123)(746)(3474)","22"
"122","122","Tommie_Runolfsdottir84@hotmail.com","+(123)(256)(3380)","23"
"123","123","Kent_Zboncak@gmail.com","+(123)(351)(2925)","24"
"124","124","Peggy.Bailey59@hotmail.com","+(123)(647)(8053)","25"
"125","125","Dale_Hilll21@hotmail.com","+(123)(177)(9507)","26"
"126","126","Calvin_Anderson62@hotmail.com","+(123)(417)(0604)","27"
"127","127","Ira31@hotmail.com","+(123)(811)(2767)","28"
"128","128","Lewis.Tromp@yahoo.com","+(123)(090)(5777)","29"
"129","129","Dorothy68@yahoo.com","+(123)(264)(5579)","30"
"130","130","Audrey_Rosenbaum40@hotmail.com","+(123)(085)(8842)","31"
"131","131","Jose_Effertz59@hotmail.com","+(123)(473)(1512)","32"
"132","132","Clark33@gmail.com","+(123)(072)(0202)","33"
"133","133","Sandra70@gmail.com","+(123)(452)(1512)","34"
"134","134","Owen7@gmail.com","+(123)(621)(0821)","35"
"135","135","Kari_Bergstrom@hotmail.com","+(123)(304)(9089)","36"
"136","136","Stella_Franey50@hotmail.com","+(123)(163)(5783)","37"
"137","137","Bernice_Kirlin56@yahoo.com","+(123)(680)(1877)","38"
"138","138","Loren55@yahoo.com","+(123)(590)(5949)","39"
"139","139","Malcolm.Windler-Cruickshank78@hotmail.com","+(123)(940)(6762)","40"
"140","140","Gabriel93@gmail.com","+(123)(249)(5365)","41"
"141","141","Cheryl_Crona38@gmail.com","+(123)(517)(3961)","42"
"142","142","Muriel31@gmail.com","+(123)(694)(7889)","43"
"143","143","Lauren.Dibbert37@yahoo.com","+(123)(453)(0167)","44"
"144","144","Jessie.Lueilwitz14@hotmail.com","+(123)(687)(8672)","45"
"145","145","Cassandra46@gmail.com","+(123)(680)(5210)","46"
"146","146","Rudy55@yahoo.com","+(123)(904)(8858)","47"
"147","147","Sheryl.Schamberger@yahoo.com","+(123)(421)(4802)","48"
"148","148","Luther.Schneider@gmail.com","+(123)(999)(9736)","49"
"149","149","Hazel.Miller10@yahoo.com","+(123)(856)(3937)","50"
"150","150","Harvey1@yahoo.com","+(123)(434)(4050)","51"
"151","151","Pat_Schneider@yahoo.com","+(123)(116)(8368)","52"
"152","152","Angelina5@yahoo.com","+(123)(496)(1923)","53"
"153","153","Ryan_Jast55@gmail.com","+(123)(967)(5187)","54"
"154","154","Lucy_Hirthe4@yahoo.com","+(123)(035)(0937)","55"
"155","155","Stephanie_McGlynn14@yahoo.com","+(123)(733)(4474)","56"
"156","156","Herbert67@gmail.com","+(123)(154)(3322)","57"
"157","157","Winifred_Conn@yahoo.com","+(123)(639)(3950)","58"
"158","158","Garrett.Schumm78@yahoo.com","+(123)(082)(8113)","59"
"159","159","Miguel_Wolf-Rolfson@hotmail.com","+(123)(638)(4349)","60"
"160","160","Elijah78@gmail.com","+(123)(384)(8236)","61"
"161","161","Marjorie.Rogahn@hotmail.com","+(123)(232)(7173)","62"
"162","162","Nettie.Kutch83@hotmail.com","+(123)(877)(7192)","63"
"163","163","Lucas42@hotmail.com","+(123)(317)(5259)","64"
"164","164","Wallace_Becker-Schimmel@yahoo.com","+(123)(422)(2688)","65"
"165","165","Sidney90@gmail.com","+(123)(489)(7817)","66"
"166","166","Francis71@gmail.com","+(123)(161)(4701)","67"
"167","167","Adrienne79@yahoo.com","+(123)(584)(6440)","68"
"168","168","Becky13@gmail.com","+(123)(757)(4161)","69"
"169","169","Myron_Denesik11@yahoo.com","+(123)(487)(5963)","70"
"170","170","Kim5@gmail.com","+(123)(281)(8258)","71"
"171","171","Peter_Sanford@hotmail.com","+(123)(388)(2975)","72"
"172","172","Donna98@yahoo.com","+(123)(489)(7291)","73"
"173","173","Tasha47@gmail.com","+(123)(803)(9663)","74"
"174","174","Carlos_Bergnaum@gmail.com","+(123)(266)(2267)","75"
"175","175","Darlene_Hauck82@hotmail.com","+(123)(911)(9779)","76"
"176","176","Shelly.Pollich@hotmail.com","+(123)(318)(4372)","77"
"177","177","Jasmine.Mayert@hotmail.com","+(123)(924)(1149)","78"
"178","178","Angela32@hotmail.com","+(123)(909)(2355)","79"
"179","179","Margie_Corwin@gmail.com","+(123)(050)(1228)","80"
"180","180","Raymond39@yahoo.com","+(123)(576)(5555)","81"
"181","181","Saul.Zboncak45@yahoo.com","+(123)(372)(2866)","82"
"182","182","Chad.Kassulke21@hotmail.com","+(123)(471)(3875)","83"
"183","183","Terrance_Bednar9@hotmail.com","+(123)(969)(4440)","84"
"184","184","Ruth_Wyman10@hotmail.com","+(123)(066)(3845)","85"
"185","185","Simon.Windler@yahoo.com","+(123)(471)(5223)","86"
"186","186","Austin82@gmail.com","+(123)(681)(8749)","87"
"187","187","Boyd24@hotmail.com","+(123)(087)(4415)","88"
"188","188","Alexandra89@gmail.com","+(123)(029)(4080)","89"
"189","189","Micheal.Kuvalis@yahoo.com","+(123)(896)(5117)","90"
"190","190","Freda_Mohr@hotmail.com","+(123)(581)(3812)","91"
"191","191","Raymond59@yahoo.com","+(123)(757)(3746)","92"
"192","192","Becky.Haag@gmail.com","+(123)(647)(0651)","93"
"193","193","Claude_Kuvalis@hotmail.com","+(123)(068)(6373)","94"
"194","194","Jason87@hotmail.com","+(123)(244)(3900)","95"
"195","195","Margarita24@gmail.com","+(123)(435)(6472)","96"
"196","196","Jack39@hotmail.com","+(123)(565)(1414)","97"
"197","197","Michelle_Paucek-Franey9@gmail.com","+(123)(483)(4069)","98"
"198","198","Kenny84@yahoo.com","+(123)(325)(5659)","99"
"199","199","Angelina46@yahoo.com","+(123)(820)(8438)","100"