First Name,Last Name,Age,Gender,sr_no,un_key
Chester,Moore,28,Male,144,038
Kristian,Nelson,28,Male,120,473
Sabrina,Phillips,22,Female,824,765
Emma,Ross,23,Female,250,231
James,Roberts,26,Male,046,992
Penelope,Morrison,20,Female,233,720
Maddie,Russell,18,Female,458,825
Alen,Andrews,28,Male,718,522
Heather,Alexander,29,Female,746,728
Brad,Andrews,21,Male,501,086
Justin,Smith,30,Male,107,078
Rosie,Martin,23,Female,394,506
Fiona,Douglas,21,Female,735,003
Eddy,Holmes,27,Male,353,559
Michelle,Howard,20,Female,673,017
Owen,Evans,21,Male,308,424
Arthur,Foster,25,Male,453,169
Lenny,Payne,25,Male,360,976
Alina,Craig,28,Female,470,232
Bruce,Ross,24,Male,992,622
Amber,Brown,26,Female,103,156
Valeria,Alexander,19,Female,861,353
Adison,Reed,18,Male,783,984
Daisy,Phillips,26,Female,306,980
Melissa,Martin,24,Female,096,085
Max,Riley,20,Male,266,957
Carl,Carroll,25,Male,908,744
Brad,Reed,20,Male,884,832
Eric,Hawkins,18,Male,202,488
Paul,Elliott,26,Male,467,278
Dale,Evans,20,Male,449,538
Alisa,Wilson,19,Female,041,273
Oscar,Farrell,26,Male,550,249
Audrey,Murray,29,Female,907,833
Tyler,Cole,19,Male,508,573
Edwin,Elliott,27,Male,927,291
Aiden,Hunt,26,Male,607,767
Eddy,Parker,20,Male,440,635
Jessica,Miller,30,Female,037,084
Darcy,Stevens,21,Female,802,650
Jack,Robinson,26,Male,513,361
Adele,Foster,24,Female,753,317
Catherine,Owens,18,Female,980,093
Natalie,Craig,23,Female,286,039
Ryan,Craig,26,Male,415,514
Robert,Harrison,18,Male,934,287
Edwin,Robinson,23,Male,071,002
Adison,Ryan,18,Male,077,994
Caroline,Ellis,18,Female,828,865
Aiden,Anderson,28,Male,425,154
Alford,Grant,30,Male,119,752
Owen,Hamilton,29,Male,023,258
Oscar,Carter,25,Male,757,691
Chloe,Casey,23,Female,600,388
Maddie,Ross,26,Female,220,810
Richard,Montgomery,26,Male,620,974
Arnold,Bailey,29,Male,469,329
Marcus,Clark,23,Male,879,139
Alisa,Owens,30,Female,461,989
Oliver,Bennett,27,Male,219,024
Michelle,Grant,24,Female,849,625
Bruce,Davis,18,Male,612,074
Daniel,Thomas,25,Male,352,517
Naomi,Mason,27,Female,580,896
Chloe,Davis,25,Female,335,406
Samantha,Watson,19,Female,104,930
Edgar,Rogers,27,Male,047,917
Sawyer,Sullivan,23,Male,885,504
Frederick,Wright,20,Male,543,382
Agata,Jones,19,Female,447,201
Edwin,Smith,30,Male,431,613
Lucy,Craig,21,Female,874,749
Bruce,Kelly,24,Male,305,513
Oliver,Ellis,30,Male,510,837
Mike,Davis,21,Male,100,757
Ada,Barnes,27,Female,261,952
William,Chapman,30,Male,956,611
Oscar,Howard,18,Male,694,221
Agata,Elliott,21,Female,880,871
Bruce,Reed,20,Male,009,264
Eleanor,Davis,27,Female,970,764
James,Johnson,21,Male,570,726
Albert,Davis,28,Male,276,294
Hailey,Stewart,23,Female,298,784
Kellan,Mitchell,29,Male,243,227
Miranda,Phillips,22,Female,821,321
Bruce,Nelson,23,Male,442,932
Edward,Alexander,18,Male,808,122
Abraham,Ryan,26,Male,021,065
Maximilian,Russell,28,Male,012,455
Tara,Farrell,25,Female,134,380
Kellan,Rogers,20,Male,830,604
Dexter,Hawkins,22,Male,621,471
Daisy,Thompson,19,Female,121,230
Tyler,Wells,20,Male,726,358
Emma,Lloyd,19,Female,539,338
Brooke,Adams,22,Female,860,393
Kate,Grant,30,Female,271,347
Ashton,Payne,22,Male,212,815
Lilianna,Barrett,19,Female,101,319
